,Year,City,Stop Name,Stop Abbrev,Total Stops,County,Population,UniqueStopsCount,Unemployment Rate,Dec–Dec Percentage Change,BART_Stop,Average_Distance
0,2010,Oakland,12th Street / Oakland City Center,12,3356412.0,Alameda,1512986.0,22,11.146153846153847,1.5,12th Street / Oakland City Center,0.2735379116824398
1,2010,Oakland,19th Street Oakland,19,2608087.0,Alameda,1512986.0,22,11.146153846153847,1.5,19th Street Oakland,0.2735379116824398
2,2010,Berkeley,Ashby,AS,1223515.0,Alameda,1512986.0,22,11.146153846153847,1.5,Ashby,788.4336040492233
3,2010,San Leandro,Bayfair,BF,1556461.0,Alameda,1512986.0,22,11.146153846153847,1.5,Bayfair,3783.8325882097542
4,2010,Berkeley,Berkeley,BK,3579577.0,Alameda,1512986.0,22,11.146153846153847,1.5,Berkeley,0.496580756887395
5,2010,Oakland,Coliseum,CL,2093571.0,Alameda,1512986.0,22,11.146153846153847,1.5,Coliseum,2745.055693451936
6,2010,Castro Valley,Castro Valley,CV,702150.0,Alameda,1512986.0,22,11.146153846153847,1.5,Castro Valley,1.4445444579939293
7,2010,Dublin/Pleasanton,Dublin/Pleasanton,ED,2334663.0,Alameda,1512986.0,22,11.146153846153847,1.5,Dublin/Pleasanton,1.3211533380343672
8,2010,Fremont,Fremont,FM,2093841.0,Alameda,1512986.0,22,11.146153846153847,1.5,Fremont,2.608908848924649
9,2010,Oakland,Fruitvale,FV,2143007.0,Alameda,1512986.0,22,11.146153846153847,1.5,Fruitvale,166.77173329449417
10,2010,Hayward,Hayward,HY,1266265.0,Alameda,1512986.0,22,11.146153846153847,1.5,Hayward,1.4445444579939293
11,2010,Oakland,Lake Merritt,LM,1647464.0,Alameda,1512986.0,22,11.146153846153847,1.5,Lake Merritt,0.5853468523750447
12,2010,Oakland,MacArthur,MA,2322898.0,Alameda,1512986.0,22,11.146153846153847,1.5,MacArthur,3783.8325882097542
13,2010,Berkeley,North Berkeley,NB,1185425.0,Alameda,1512986.0,22,11.146153846153847,1.5,North Berkeley,0.496580756887395
14,2010,Oakland,Oakland International Airport,OA,0.0,Alameda,1512986.0,22,11.146153846153847,1.5,Oakland International Airport,2.6903454433945226
15,2010,Oakland,West Oakland,OW,1503384.0,Alameda,1512986.0,22,11.146153846153847,1.5,West Oakland,1.0369282858141005
16,2010,Oakland,Rockridge,RR,1573483.0,Alameda,1512986.0,22,11.146153846153847,1.5,Rockridge,1.7317410291181736
17,2010,Hayward,South Hayward,SH,824339.0,Alameda,1512986.0,22,11.146153846153847,1.5,South Hayward,2.1775336242570766
18,2010,San Leandro,San Leandro,SL,1477948.0,Alameda,1512986.0,22,11.146153846153847,1.5,San Leandro,2.6903454433945226
19,2010,Union City,Union City,UC,1104223.0,Alameda,1512986.0,22,11.146153846153847,1.5,Union City,2.608908848924649
20,2010,Dublin/Pleasanton,West Dublin/Pleasanton,WD,0.0,Alameda,1512986.0,22,11.146153846153847,1.5,West Dublin/Pleasanton,1.3211533380343672
21,2010,Fremont,Warm Springs,WS,0.0,Alameda,1512986.0,22,11.146153846153847,1.5,Warm Springs,174.70401979927587
22,2010,San Francisco,16th Street Mission,16,3288773.0,San Francisco,805505.0,9,9.092307692307692,1.5,16th Street Mission,0.7131119173318027
23,2010,San Francisco,24th Street Mission,24,3597513.0,San Francisco,805505.0,9,9.092307692307692,1.5,24th Street Mission,0.7131119173318027
24,2010,San Francisco,Balboa Park,BP,3489805.0,San Francisco,805505.0,9,9.092307692307692,1.5,Balboa Park,172.00429845474892
25,2010,San Francisco,Civic Center,CC,5482300.0,San Francisco,805505.0,9,9.092307692307692,1.5,Civic Center,172.0747535587498
26,2010,San Francisco,Embarcadero,EM,9877137.0,San Francisco,805505.0,9,9.092307692307692,1.5,Embarcadero,0.28470827629669465
27,2010,San Francisco,Glen Park,GP,2062005.0,San Francisco,805505.0,9,9.092307692307692,1.5,Glen Park,184.1214379605802
28,2010,San Francisco,Montgomery Street,MT,9053442.0,San Francisco,805505.0,9,9.092307692307692,1.5,Montgomery Street,0.28470827629669465
29,2010,San Francisco,Powell Street,PL,8319627.0,San Francisco,805505.0,9,9.092307692307692,1.5,Powell Street,0.3554832365740666
30,2010,San Francisco,San Francisco International Airport,SO,1717686.0,San Francisco,805505.0,9,9.092307692307692,1.5,San Francisco International Airport,1.503303924670021
31,2010,Antioch,Antioch,AN,0.0,Contra Costa,1052540.0,12,11.215384615384616,1.5,Antioch,3.720406586896818
32,2010,Concord,Concord,CN,1472127.0,Contra Costa,1052540.0,12,11.215384615384616,1.5,Concord,172.0747535587498
33,2010,El Cerrito,El Cerrito Del Norte,EN,2154073.0,Contra Costa,1052540.0,12,11.215384615384616,1.5,El Cerrito Del Norte,1.6060740346140452
34,2010,El Cerrito,El Cerrito Plaza,EP,1254478.0,Contra Costa,1052540.0,12,11.215384615384616,1.5,El Cerrito Plaza,1.5952004779635078
35,2010,Lafayette,Lafayette,LF,1000071.0,Contra Costa,1052540.0,12,11.215384615384616,1.5,Lafayette,174.70401979927587
36,2010,Concord,North Concord,NC,533454.0,Contra Costa,1052540.0,12,11.215384615384616,1.5,North Concord,184.3981473959375
37,2010,Orinda,Orinda,OR,809700.0,Contra Costa,1052540.0,12,11.215384615384616,1.5,Orinda,3.6258869169950825
38,2010,Pittsburg,Pittsburg Center,PC,0.0,Contra Costa,1052540.0,12,11.215384615384616,1.5,Pittsburg Center,2.459507620750789
39,2010,Pleasant Hill,Pleasant Hill,PH,1622845.0,Contra Costa,1052540.0,12,11.215384615384616,1.5,Pleasant Hill,2.548079202414309
40,2010,Richmond,Richmond,RM,1011674.0,Contra Costa,1052540.0,12,11.215384615384616,1.5,Richmond,184.3981473959375
41,2010,Walnut Creek,Walnut Creek,WC,1781157.0,Contra Costa,1052540.0,12,11.215384615384616,1.5,Walnut Creek,2.548079202414309
42,2010,Pittsburg,Pittsburg/Bay Point,WP,1447222.0,Contra Costa,1052540.0,12,11.215384615384616,1.5,Pittsburg/Bay Point,2.459507620750789
43,2010,San Jose,Berryessa / North San José,BE,0.0,Santa Clara,1786040.0,2,10.661538461538461,1.5,Berryessa / North San José,3.75207703253719
44,2010,Milpitas,Milpitas,ML,0.0,Santa Clara,1786040.0,2,10.661538461538461,1.5,Milpitas,3.75207703253719
45,2010,Colma,Colma,CM,1035978.0,San Mateo,719699.0,5,8.561538461538461,1.5,Colma,0.9584771223118371
46,2010,Daly City,Daly City,DC,2336228.0,San Mateo,719699.0,5,8.561538461538461,1.5,Daly City,0.9584771223118371
47,2010,Millbrae,Millbrae,MB,1483866.0,San Mateo,719699.0,5,8.561538461538461,1.5,Millbrae,1.503303924670021
48,2010,San Bruno,San Bruno,SB,832976.0,San Mateo,719699.0,5,8.561538461538461,1.5,San Bruno,1.6820027003518876
49,2010,South San Francisco,South San Francisco,SS,794763.0,San Mateo,719699.0,5,8.561538461538461,1.5,South San Francisco,1.6820027003518876
50,2011,Oakland,12th Street / Oakland City Center,12,3503909.0,Alameda,1530915.0,22,10.261538461538462,2.9,12th Street / Oakland City Center,0.2735379116824398
51,2011,Oakland,19th Street Oakland,19,2837360.0,Alameda,1530915.0,22,10.261538461538462,2.9,19th Street Oakland,0.2735379116824398
52,2011,Berkeley,Ashby,AS,1366040.0,Alameda,1530915.0,22,10.261538461538462,2.9,Ashby,788.4336040492233
53,2011,San Leandro,Bayfair,BF,1611626.0,Alameda,1530915.0,22,10.261538461538462,2.9,Bayfair,3783.8325882097542
54,2011,Berkeley,Berkeley,BK,3713966.0,Alameda,1530915.0,22,10.261538461538462,2.9,Berkeley,0.496580756887395
55,2011,Oakland,Coliseum,CL,2227395.0,Alameda,1530915.0,22,10.261538461538462,2.9,Coliseum,2745.055693451936
56,2011,Castro Valley,Castro Valley,CV,742559.0,Alameda,1530915.0,22,10.261538461538462,2.9,Castro Valley,1.4445444579939293
57,2011,Dublin/Pleasanton,Dublin/Pleasanton,ED,2118248.0,Alameda,1530915.0,22,10.261538461538462,2.9,Dublin/Pleasanton,1.3211533380343672
58,2011,Fremont,Fremont,FM,2216198.0,Alameda,1530915.0,22,10.261538461538462,2.9,Fremont,2.608908848924649
59,2011,Oakland,Fruitvale,FV,2301072.0,Alameda,1530915.0,22,10.261538461538462,2.9,Fruitvale,166.77173329449417
60,2011,Hayward,Hayward,HY,1375758.0,Alameda,1530915.0,22,10.261538461538462,2.9,Hayward,1.4445444579939293
61,2011,Oakland,Lake Merritt,LM,1731012.0,Alameda,1530915.0,22,10.261538461538462,2.9,Lake Merritt,0.5853468523750447
62,2011,Oakland,MacArthur,MA,2495086.0,Alameda,1530915.0,22,10.261538461538462,2.9,MacArthur,3783.8325882097542
63,2011,Berkeley,North Berkeley,NB,1264642.0,Alameda,1530915.0,22,10.261538461538462,2.9,North Berkeley,0.496580756887395
64,2011,Oakland,Oakland International Airport,OA,0.0,Alameda,1530915.0,22,10.261538461538462,2.9,Oakland International Airport,2.6903454433945226
65,2011,Oakland,West Oakland,OW,1594109.0,Alameda,1530915.0,22,10.261538461538462,2.9,West Oakland,1.0369282858141005
66,2011,Oakland,Rockridge,RR,1648271.0,Alameda,1530915.0,22,10.261538461538462,2.9,Rockridge,1.7317410291181736
67,2011,Hayward,South Hayward,SH,876121.0,Alameda,1530915.0,22,10.261538461538462,2.9,South Hayward,2.1775336242570766
68,2011,San Leandro,San Leandro,SL,1556049.0,Alameda,1530915.0,22,10.261538461538462,2.9,San Leandro,2.6903454433945226
69,2011,Union City,Union City,UC,1160926.0,Alameda,1530915.0,22,10.261538461538462,2.9,Union City,2.608908848924649
70,2011,Dublin/Pleasanton,West Dublin/Pleasanton,WD,533696.0,Alameda,1530915.0,22,10.261538461538462,2.9,West Dublin/Pleasanton,1.3211533380343672
71,2011,Fremont,Warm Springs,WS,0.0,Alameda,1530915.0,22,10.261538461538462,2.9,Warm Springs,174.70401979927587
72,2011,San Francisco,16th Street Mission,16,3446714.0,San Francisco,815650.0,9,8.176923076923076,2.9,16th Street Mission,0.7131119173318027
73,2011,San Francisco,24th Street Mission,24,3775397.0,San Francisco,815650.0,9,8.176923076923076,2.9,24th Street Mission,0.7131119173318027
74,2011,San Francisco,Balboa Park,BP,3498312.0,San Francisco,815650.0,9,8.176923076923076,2.9,Balboa Park,172.00429845474892
75,2011,San Francisco,Civic Center,CC,5518292.0,San Francisco,815650.0,9,8.176923076923076,2.9,Civic Center,172.0747535587498
76,2011,San Francisco,Embarcadero,EM,10357972.0,San Francisco,815650.0,9,8.176923076923076,2.9,Embarcadero,0.28470827629669465
77,2011,San Francisco,Glen Park,GP,2100883.0,San Francisco,815650.0,9,8.176923076923076,2.9,Glen Park,184.1214379605802
78,2011,San Francisco,Montgomery Street,MT,9749612.0,San Francisco,815650.0,9,8.176923076923076,2.9,Montgomery Street,0.28470827629669465
79,2011,San Francisco,Powell Street,PL,8762391.0,San Francisco,815650.0,9,8.176923076923076,2.9,Powell Street,0.3554832365740666
80,2011,San Francisco,San Francisco International Airport,SO,1898686.0,San Francisco,815650.0,9,8.176923076923076,2.9,San Francisco International Airport,1.503303924670021
81,2011,Antioch,Antioch,AN,0.0,Contra Costa,1065440.0,12,10.484615384615385,2.9,Antioch,3.720406586896818
82,2011,Concord,Concord,CN,1547674.0,Contra Costa,1065440.0,12,10.484615384615385,2.9,Concord,172.0747535587498
83,2011,El Cerrito,El Cerrito Del Norte,EN,2279654.0,Contra Costa,1065440.0,12,10.484615384615385,2.9,El Cerrito Del Norte,1.6060740346140452
84,2011,El Cerrito,El Cerrito Plaza,EP,1303602.0,Contra Costa,1065440.0,12,10.484615384615385,2.9,El Cerrito Plaza,1.5952004779635078
85,2011,Lafayette,Lafayette,LF,1017919.0,Contra Costa,1065440.0,12,10.484615384615385,2.9,Lafayette,174.70401979927587
86,2011,Concord,North Concord,NC,594204.0,Contra Costa,1065440.0,12,10.484615384615385,2.9,North Concord,184.3981473959375
87,2011,Orinda,Orinda,OR,807864.0,Contra Costa,1065440.0,12,10.484615384615385,2.9,Orinda,3.6258869169950825
88,2011,Pittsburg,Pittsburg Center,PC,0.0,Contra Costa,1065440.0,12,10.484615384615385,2.9,Pittsburg Center,2.459507620750789
89,2011,Pleasant Hill,Pleasant Hill,PH,1712446.0,Contra Costa,1065440.0,12,10.484615384615385,2.9,Pleasant Hill,2.548079202414309
90,2011,Richmond,Richmond,RM,1079220.0,Contra Costa,1065440.0,12,10.484615384615385,2.9,Richmond,184.3981473959375
91,2011,Walnut Creek,Walnut Creek,WC,1831743.0,Contra Costa,1065440.0,12,10.484615384615385,2.9,Walnut Creek,2.548079202414309
92,2011,Pittsburg,Pittsburg/Bay Point,WP,1545856.0,Contra Costa,1065440.0,12,10.484615384615385,2.9,Pittsburg/Bay Point,2.459507620750789
93,2011,San Jose,Berryessa / North San José,BE,0.0,Santa Clara,1812054.0,2,9.476923076923077,2.9,Berryessa / North San José,3.75207703253719
94,2011,Milpitas,Milpitas,ML,0.0,Santa Clara,1812054.0,2,9.476923076923077,2.9,Milpitas,3.75207703253719
95,2011,Colma,Colma,CM,1112430.0,San Mateo,728344.0,5,7.661538461538461,2.9,Colma,0.9584771223118371
96,2011,Daly City,Daly City,DC,2525273.0,San Mateo,728344.0,5,7.661538461538461,2.9,Daly City,0.9584771223118371
97,2011,Millbrae,Millbrae,MB,1608474.0,San Mateo,728344.0,5,7.661538461538461,2.9,Millbrae,1.503303924670021
98,2011,San Bruno,San Bruno,SB,936622.0,San Mateo,728344.0,5,7.661538461538461,2.9,San Bruno,1.6820027003518876
99,2011,South San Francisco,South San Francisco,SS,833063.0,San Mateo,728344.0,5,7.661538461538461,2.9,South San Francisco,1.6820027003518876
100,2012,Oakland,12th Street / Oakland City Center,12,3640966.0,Alameda,1553764.0,22,8.823076923076924,2.2,12th Street / Oakland City Center,0.2735379116824398
101,2012,Oakland,19th Street Oakland,19,3128384.0,Alameda,1553764.0,22,8.823076923076924,2.2,19th Street Oakland,0.2735379116824398
102,2012,Berkeley,Ashby,AS,1494904.0,Alameda,1553764.0,22,8.823076923076924,2.2,Ashby,788.4336040492233
103,2012,San Leandro,Bayfair,BF,1711651.0,Alameda,1553764.0,22,8.823076923076924,2.2,Bayfair,3783.8325882097542
104,2012,Berkeley,Berkeley,BK,3989730.0,Alameda,1553764.0,22,8.823076923076924,2.2,Berkeley,0.496580756887395
105,2012,Oakland,Coliseum,CL,2491231.0,Alameda,1553764.0,22,8.823076923076924,2.2,Coliseum,2745.055693451936
106,2012,Castro Valley,Castro Valley,CV,797474.0,Alameda,1553764.0,22,8.823076923076924,2.2,Castro Valley,1.4445444579939293
107,2012,Dublin/Pleasanton,Dublin/Pleasanton,ED,2080170.0,Alameda,1553764.0,22,8.823076923076924,2.2,Dublin/Pleasanton,1.3211533380343672
108,2012,Fremont,Fremont,FM,2339589.0,Alameda,1553764.0,22,8.823076923076924,2.2,Fremont,2.608908848924649
109,2012,Oakland,Fruitvale,FV,2457495.0,Alameda,1553764.0,22,8.823076923076924,2.2,Fruitvale,166.77173329449417
110,2012,Hayward,Hayward,HY,1474468.0,Alameda,1553764.0,22,8.823076923076924,2.2,Hayward,1.4445444579939293
111,2012,Oakland,Lake Merritt,LM,1871873.0,Alameda,1553764.0,22,8.823076923076924,2.2,Lake Merritt,0.5853468523750447
112,2012,Oakland,MacArthur,MA,2692702.0,Alameda,1553764.0,22,8.823076923076924,2.2,MacArthur,3783.8325882097542
113,2012,Berkeley,North Berkeley,NB,1341208.0,Alameda,1553764.0,22,8.823076923076924,2.2,North Berkeley,0.496580756887395
114,2012,Oakland,Oakland International Airport,OA,0.0,Alameda,1553764.0,22,8.823076923076924,2.2,Oakland International Airport,2.6903454433945226
115,2012,Oakland,West Oakland,OW,1738787.0,Alameda,1553764.0,22,8.823076923076924,2.2,West Oakland,1.0369282858141005
116,2012,Oakland,Rockridge,RR,1780022.0,Alameda,1553764.0,22,8.823076923076924,2.2,Rockridge,1.7317410291181736
117,2012,Hayward,South Hayward,SH,939205.0,Alameda,1553764.0,22,8.823076923076924,2.2,South Hayward,2.1775336242570766
118,2012,San Leandro,San Leandro,SL,1646483.0,Alameda,1553764.0,22,8.823076923076924,2.2,San Leandro,2.6903454433945226
119,2012,Union City,Union City,UC,1241831.0,Alameda,1553764.0,22,8.823076923076924,2.2,Union City,2.608908848924649
120,2012,Dublin/Pleasanton,West Dublin/Pleasanton,WD,821816.0,Alameda,1553764.0,22,8.823076923076924,2.2,West Dublin/Pleasanton,1.3211533380343672
121,2012,Fremont,Warm Springs,WS,0.0,Alameda,1553764.0,22,8.823076923076924,2.2,Warm Springs,174.70401979927587
122,2012,San Francisco,16th Street Mission,16,3765196.0,San Francisco,828876.0,9,6.9,2.2,16th Street Mission,0.7131119173318027
123,2012,San Francisco,24th Street Mission,24,3942362.0,San Francisco,828876.0,9,6.9,2.2,24th Street Mission,0.7131119173318027
124,2012,San Francisco,Balboa Park,BP,3624358.0,San Francisco,828876.0,9,6.9,2.2,Balboa Park,172.00429845474892
125,2012,San Francisco,Civic Center,CC,5990415.0,San Francisco,828876.0,9,6.9,2.2,Civic Center,172.0747535587498
126,2012,San Francisco,Embarcadero,EM,11236035.0,San Francisco,828876.0,9,6.9,2.2,Embarcadero,0.28470827629669465
127,2012,San Francisco,Glen Park,GP,2241939.0,San Francisco,828876.0,9,6.9,2.2,Glen Park,184.1214379605802
128,2012,San Francisco,Montgomery Street,MT,10565867.0,San Francisco,828876.0,9,6.9,2.2,Montgomery Street,0.28470827629669465
129,2012,San Francisco,Powell Street,PL,9314731.0,San Francisco,828876.0,9,6.9,2.2,Powell Street,0.3554832365740666
130,2012,San Francisco,San Francisco International Airport,SO,2092870.0,San Francisco,828876.0,9,6.9,2.2,San Francisco International Airport,1.503303924670021
131,2012,Antioch,Antioch,AN,0.0,Contra Costa,1077548.0,12,9.107692307692307,2.2,Antioch,3.720406586896818
132,2012,Concord,Concord,CN,1663513.0,Contra Costa,1077548.0,12,9.107692307692307,2.2,Concord,172.0747535587498
133,2012,El Cerrito,El Cerrito Del Norte,EN,2437365.0,Contra Costa,1077548.0,12,9.107692307692307,2.2,El Cerrito Del Norte,1.6060740346140452
134,2012,El Cerrito,El Cerrito Plaza,EP,1383160.0,Contra Costa,1077548.0,12,9.107692307692307,2.2,El Cerrito Plaza,1.5952004779635078
135,2012,Lafayette,Lafayette,LF,1077510.0,Contra Costa,1077548.0,12,9.107692307692307,2.2,Lafayette,174.70401979927587
136,2012,Concord,North Concord,NC,666689.0,Contra Costa,1077548.0,12,9.107692307692307,2.2,North Concord,184.3981473959375
137,2012,Orinda,Orinda,OR,851077.0,Contra Costa,1077548.0,12,9.107692307692307,2.2,Orinda,3.6258869169950825
138,2012,Pittsburg,Pittsburg Center,PC,0.0,Contra Costa,1077548.0,12,9.107692307692307,2.2,Pittsburg Center,2.459507620750789
139,2012,Pleasant Hill,Pleasant Hill,PH,1816179.0,Contra Costa,1077548.0,12,9.107692307692307,2.2,Pleasant Hill,2.548079202414309
140,2012,Richmond,Richmond,RM,1162150.0,Contra Costa,1077548.0,12,9.107692307692307,2.2,Richmond,184.3981473959375
141,2012,Walnut Creek,Walnut Creek,WC,1943025.0,Contra Costa,1077548.0,12,9.107692307692307,2.2,Walnut Creek,2.548079202414309
142,2012,Pittsburg,Pittsburg/Bay Point,WP,1639206.0,Contra Costa,1077548.0,12,9.107692307692307,2.2,Pittsburg/Bay Point,2.459507620750789
143,2012,San Jose,Berryessa / North San José,BE,0.0,Santa Clara,1837853.0,2,7.992307692307692,2.2,Berryessa / North San José,3.75207703253719
144,2012,Milpitas,Milpitas,ML,0.0,Santa Clara,1837853.0,2,7.992307692307692,2.2,Milpitas,3.75207703253719
145,2012,Colma,Colma,CM,1278521.0,San Mateo,739224.0,5,6.5,2.2,Colma,0.9584771223118371
146,2012,Daly City,Daly City,DC,2736478.0,San Mateo,739224.0,5,6.5,2.2,Daly City,0.9584771223118371
147,2012,Millbrae,Millbrae,MB,1792660.0,San Mateo,739224.0,5,6.5,2.2,Millbrae,1.503303924670021
148,2012,San Bruno,San Bruno,SB,1072523.0,San Mateo,739224.0,5,6.5,2.2,San Bruno,1.6820027003518876
149,2012,South San Francisco,South San Francisco,SS,899580.0,San Mateo,739224.0,5,6.5,2.2,South San Francisco,1.6820027003518876
150,2013,Oakland,12th Street / Oakland City Center,12,3608040.0,Alameda,1579593.0,22,7.323076923076924,2.6,12th Street / Oakland City Center,0.2735379116824398
151,2013,Oakland,19th Street Oakland,19,3167795.0,Alameda,1579593.0,22,7.323076923076924,2.6,19th Street Oakland,0.2735379116824398
152,2013,Berkeley,Ashby,AS,1554592.0,Alameda,1579593.0,22,7.323076923076924,2.6,Ashby,788.4336040492233
153,2013,San Leandro,Bayfair,BF,1729918.0,Alameda,1579593.0,22,7.323076923076924,2.6,Bayfair,3783.8325882097542
154,2013,Berkeley,Berkeley,BK,4038660.0,Alameda,1579593.0,22,7.323076923076924,2.6,Berkeley,0.496580756887395
155,2013,Oakland,Coliseum,CL,2563221.0,Alameda,1579593.0,22,7.323076923076924,2.6,Coliseum,2745.055693451936
156,2013,Castro Valley,Castro Valley,CV,810753.0,Alameda,1579593.0,22,7.323076923076924,2.6,Castro Valley,1.4445444579939293
157,2013,Dublin/Pleasanton,Dublin/Pleasanton,ED,2077440.0,Alameda,1579593.0,22,7.323076923076924,2.6,Dublin/Pleasanton,1.3211533380343672
158,2013,Fremont,Fremont,FM,2353863.0,Alameda,1579593.0,22,7.323076923076924,2.6,Fremont,2.608908848924649
159,2013,Oakland,Fruitvale,FV,2484307.0,Alameda,1579593.0,22,7.323076923076924,2.6,Fruitvale,166.77173329449417
160,2013,Hayward,Hayward,HY,1476724.0,Alameda,1579593.0,22,7.323076923076924,2.6,Hayward,1.4445444579939293
161,2013,Oakland,Lake Merritt,LM,1925835.0,Alameda,1579593.0,22,7.323076923076924,2.6,Lake Merritt,0.5853468523750447
162,2013,Oakland,MacArthur,MA,2649419.0,Alameda,1579593.0,22,7.323076923076924,2.6,MacArthur,3783.8325882097542
163,2013,Berkeley,North Berkeley,NB,1382629.0,Alameda,1579593.0,22,7.323076923076924,2.6,North Berkeley,0.496580756887395
164,2013,Oakland,Oakland International Airport,OA,0.0,Alameda,1579593.0,22,7.323076923076924,2.6,Oakland International Airport,2.6903454433945226
165,2013,Oakland,West Oakland,OW,1865314.0,Alameda,1579593.0,22,7.323076923076924,2.6,West Oakland,1.0369282858141005
166,2013,Oakland,Rockridge,RR,1797560.0,Alameda,1579593.0,22,7.323076923076924,2.6,Rockridge,1.7317410291181736
167,2013,Hayward,South Hayward,SH,904803.0,Alameda,1579593.0,22,7.323076923076924,2.6,South Hayward,2.1775336242570766
168,2013,San Leandro,San Leandro,SL,1663755.0,Alameda,1579593.0,22,7.323076923076924,2.6,San Leandro,2.6903454433945226
169,2013,Union City,Union City,UC,1289287.0,Alameda,1579593.0,22,7.323076923076924,2.6,Union City,2.608908848924649
170,2013,Dublin/Pleasanton,West Dublin/Pleasanton,WD,929869.0,Alameda,1579593.0,22,7.323076923076924,2.6,West Dublin/Pleasanton,1.3211533380343672
171,2013,Fremont,Warm Springs,WS,0.0,Alameda,1579593.0,22,7.323076923076924,2.6,Warm Springs,174.70401979927587
172,2013,San Francisco,16th Street Mission,16,3802249.0,San Francisco,839572.0,9,5.5307692307692315,2.6,16th Street Mission,0.7131119173318027
173,2013,San Francisco,24th Street Mission,24,3887067.0,San Francisco,839572.0,9,5.5307692307692315,2.6,24th Street Mission,0.7131119173318027
174,2013,San Francisco,Balboa Park,BP,3515687.0,San Francisco,839572.0,9,5.5307692307692315,2.6,Balboa Park,172.00429845474892
175,2013,San Francisco,Civic Center,CC,6067773.0,San Francisco,839572.0,9,5.5307692307692315,2.6,Civic Center,172.0747535587498
176,2013,San Francisco,Embarcadero,EM,11692709.0,San Francisco,839572.0,9,5.5307692307692315,2.6,Embarcadero,0.28470827629669465
177,2013,San Francisco,Glen Park,GP,2199884.0,San Francisco,839572.0,9,5.5307692307692315,2.6,Glen Park,184.1214379605802
178,2013,San Francisco,Montgomery Street,MT,10741028.0,San Francisco,839572.0,9,5.5307692307692315,2.6,Montgomery Street,0.28470827629669465
179,2013,San Francisco,Powell Street,PL,9372502.0,San Francisco,839572.0,9,5.5307692307692315,2.6,Powell Street,0.3554832365740666
180,2013,San Francisco,San Francisco International Airport,SO,2115765.0,San Francisco,839572.0,9,5.5307692307692315,2.6,San Francisco International Airport,1.503303924670021
181,2013,Antioch,Antioch,AN,0.0,Contra Costa,1093401.0,12,7.6,2.6,Antioch,3.720406586896818
182,2013,Concord,Concord,CN,1672178.0,Contra Costa,1093401.0,12,7.6,2.6,Concord,172.0747535587498
183,2013,El Cerrito,El Cerrito Del Norte,EN,2481604.0,Contra Costa,1093401.0,12,7.6,2.6,El Cerrito Del Norte,1.6060740346140452
184,2013,El Cerrito,El Cerrito Plaza,EP,1385704.0,Contra Costa,1093401.0,12,7.6,2.6,El Cerrito Plaza,1.5952004779635078
185,2013,Lafayette,Lafayette,LF,1069767.0,Contra Costa,1093401.0,12,7.6,2.6,Lafayette,174.70401979927587
186,2013,Concord,North Concord,NC,703606.0,Contra Costa,1093401.0,12,7.6,2.6,North Concord,184.3981473959375
187,2013,Orinda,Orinda,OR,832758.0,Contra Costa,1093401.0,12,7.6,2.6,Orinda,3.6258869169950825
188,2013,Pittsburg,Pittsburg Center,PC,0.0,Contra Costa,1093401.0,12,7.6,2.6,Pittsburg Center,2.459507620750789
189,2013,Pleasant Hill,Pleasant Hill,PH,1827018.0,Contra Costa,1093401.0,12,7.6,2.6,Pleasant Hill,2.548079202414309
190,2013,Richmond,Richmond,RM,1175132.0,Contra Costa,1093401.0,12,7.6,2.6,Richmond,184.3981473959375
191,2013,Walnut Creek,Walnut Creek,WC,1927420.0,Contra Costa,1093401.0,12,7.6,2.6,Walnut Creek,2.548079202414309
192,2013,Pittsburg,Pittsburg/Bay Point,WP,1650709.0,Contra Costa,1093401.0,12,7.6,2.6,Pittsburg/Bay Point,2.459507620750789
193,2013,San Jose,Berryessa / North San José,BE,0.0,Santa Clara,1866425.0,2,6.546153846153846,2.6,Berryessa / North San José,3.75207703253719
194,2013,Milpitas,Milpitas,ML,0.0,Santa Clara,1866425.0,2,6.546153846153846,2.6,Milpitas,3.75207703253719
195,2013,Colma,Colma,CM,1226957.0,San Mateo,748661.0,5,5.3307692307692305,2.6,Colma,0.9584771223118371
196,2013,Daly City,Daly City,DC,2693924.0,San Mateo,748661.0,5,5.3307692307692305,2.6,Daly City,0.9584771223118371
197,2013,Millbrae,Millbrae,MB,1828693.0,San Mateo,748661.0,5,5.3307692307692305,2.6,Millbrae,1.503303924670021
198,2013,San Bruno,San Bruno,SB,1059121.0,San Mateo,748661.0,5,5.3307692307692305,2.6,San Bruno,1.6820027003518876
199,2013,South San Francisco,South San Francisco,SS,916466.0,San Mateo,748661.0,5,5.3307692307692305,2.6,South San Francisco,1.6820027003518876
200,2014,Oakland,12th Street / Oakland City Center,12,3826222.0,Alameda,1607792.0,22,5.9,2.7,12th Street / Oakland City Center,0.2735379116824398
201,2014,Oakland,19th Street Oakland,19,3402704.0,Alameda,1607792.0,22,5.9,2.7,19th Street Oakland,0.2735379116824398
202,2014,Berkeley,Ashby,AS,1650296.0,Alameda,1607792.0,22,5.9,2.7,Ashby,788.4336040492233
203,2014,San Leandro,Bayfair,BF,1801885.0,Alameda,1607792.0,22,5.9,2.7,Bayfair,3783.8325882097542
204,2014,Berkeley,Berkeley,BK,4243528.0,Alameda,1607792.0,22,5.9,2.7,Berkeley,0.496580756887395
205,2014,Oakland,Coliseum,CL,2632455.0,Alameda,1607792.0,22,5.9,2.7,Coliseum,2745.055693451936
206,2014,Castro Valley,Castro Valley,CV,858303.0,Alameda,1607792.0,22,5.9,2.7,Castro Valley,1.4445444579939293
207,2014,Dublin/Pleasanton,Dublin/Pleasanton,ED,2173471.0,Alameda,1607792.0,22,5.9,2.7,Dublin/Pleasanton,1.3211533380343672
208,2014,Fremont,Fremont,FM,2516861.0,Alameda,1607792.0,22,5.9,2.7,Fremont,2.608908848924649
209,2014,Oakland,Fruitvale,FV,2610942.0,Alameda,1607792.0,22,5.9,2.7,Fruitvale,166.77173329449417
210,2014,Hayward,Hayward,HY,1549453.0,Alameda,1607792.0,22,5.9,2.7,Hayward,1.4445444579939293
211,2014,Oakland,Lake Merritt,LM,2096455.0,Alameda,1607792.0,22,5.9,2.7,Lake Merritt,0.5853468523750447
212,2014,Oakland,MacArthur,MA,2680100.0,Alameda,1607792.0,22,5.9,2.7,MacArthur,3783.8325882097542
213,2014,Berkeley,North Berkeley,NB,1458545.0,Alameda,1607792.0,22,5.9,2.7,North Berkeley,0.496580756887395
214,2014,Oakland,Oakland International Airport,OA,55243.0,Alameda,1607792.0,22,5.9,2.7,Oakland International Airport,2.6903454433945226
215,2014,Oakland,West Oakland,OW,2044583.0,Alameda,1607792.0,22,5.9,2.7,West Oakland,1.0369282858141005
216,2014,Oakland,Rockridge,RR,1844829.0,Alameda,1607792.0,22,5.9,2.7,Rockridge,1.7317410291181736
217,2014,Hayward,South Hayward,SH,921576.0,Alameda,1607792.0,22,5.9,2.7,South Hayward,2.1775336242570766
218,2014,San Leandro,San Leandro,SL,1771702.0,Alameda,1607792.0,22,5.9,2.7,San Leandro,2.6903454433945226
219,2014,Union City,Union City,UC,1379292.0,Alameda,1607792.0,22,5.9,2.7,Union City,2.608908848924649
220,2014,Dublin/Pleasanton,West Dublin/Pleasanton,WD,1086010.0,Alameda,1607792.0,22,5.9,2.7,West Dublin/Pleasanton,1.3211533380343672
221,2014,Fremont,Warm Springs,WS,0.0,Alameda,1607792.0,22,5.9,2.7,Warm Springs,174.70401979927587
222,2014,San Francisco,16th Street Mission,16,4025507.0,San Francisco,850750.0,9,4.430769230769231,2.7,16th Street Mission,0.7131119173318027
223,2014,San Francisco,24th Street Mission,24,4076912.0,San Francisco,850750.0,9,4.430769230769231,2.7,24th Street Mission,0.7131119173318027
224,2014,San Francisco,Balboa Park,BP,3554239.0,San Francisco,850750.0,9,4.430769230769231,2.7,Balboa Park,172.00429845474892
225,2014,San Francisco,Civic Center,CC,6572127.0,San Francisco,850750.0,9,4.430769230769231,2.7,Civic Center,172.0747535587498
226,2014,San Francisco,Embarcadero,EM,12486803.0,San Francisco,850750.0,9,4.430769230769231,2.7,Embarcadero,0.28470827629669465
227,2014,San Francisco,Glen Park,GP,2325482.0,San Francisco,850750.0,9,4.430769230769231,2.7,Glen Park,184.1214379605802
228,2014,San Francisco,Montgomery Street,MT,11818485.0,San Francisco,850750.0,9,4.430769230769231,2.7,Montgomery Street,0.28470827629669465
229,2014,San Francisco,Powell Street,PL,9776647.0,San Francisco,850750.0,9,4.430769230769231,2.7,Powell Street,0.3554832365740666
230,2014,San Francisco,San Francisco International Airport,SO,2242122.0,San Francisco,850750.0,9,4.430769230769231,2.7,San Francisco International Airport,1.503303924670021
231,2014,Antioch,Antioch,AN,0.0,Contra Costa,1108876.0,12,6.253846153846154,2.7,Antioch,3.720406586896818
232,2014,Concord,Concord,CN,1770707.0,Contra Costa,1108876.0,12,6.253846153846154,2.7,Concord,172.0747535587498
233,2014,El Cerrito,El Cerrito Del Norte,EN,2603915.0,Contra Costa,1108876.0,12,6.253846153846154,2.7,El Cerrito Del Norte,1.6060740346140452
234,2014,El Cerrito,El Cerrito Plaza,EP,1449705.0,Contra Costa,1108876.0,12,6.253846153846154,2.7,El Cerrito Plaza,1.5952004779635078
235,2014,Lafayette,Lafayette,LF,1121310.0,Contra Costa,1108876.0,12,6.253846153846154,2.7,Lafayette,174.70401979927587
236,2014,Concord,North Concord,NC,751230.0,Contra Costa,1108876.0,12,6.253846153846154,2.7,North Concord,184.3981473959375
237,2014,Orinda,Orinda,OR,868262.0,Contra Costa,1108876.0,12,6.253846153846154,2.7,Orinda,3.6258869169950825
238,2014,Pittsburg,Pittsburg Center,PC,0.0,Contra Costa,1108876.0,12,6.253846153846154,2.7,Pittsburg Center,2.459507620750789
239,2014,Pleasant Hill,Pleasant Hill,PH,1906943.0,Contra Costa,1108876.0,12,6.253846153846154,2.7,Pleasant Hill,2.548079202414309
240,2014,Richmond,Richmond,RM,1278841.0,Contra Costa,1108876.0,12,6.253846153846154,2.7,Richmond,184.3981473959375
241,2014,Walnut Creek,Walnut Creek,WC,1970734.0,Contra Costa,1108876.0,12,6.253846153846154,2.7,Walnut Creek,2.548079202414309
242,2014,Pittsburg,Pittsburg/Bay Point,WP,1767720.0,Contra Costa,1108876.0,12,6.253846153846154,2.7,Pittsburg/Bay Point,2.459507620750789
243,2014,San Jose,Berryessa / North San José,BE,0.0,Santa Clara,1891753.0,2,5.199999999999999,2.7,Berryessa / North San José,3.75207703253719
244,2014,Milpitas,Milpitas,ML,0.0,Santa Clara,1891753.0,2,5.199999999999999,2.7,Milpitas,3.75207703253719
245,2014,Colma,Colma,CM,1285791.0,San Mateo,757204.0,5,4.276923076923077,2.7,Colma,0.9584771223118371
246,2014,Daly City,Daly City,DC,2830840.0,San Mateo,757204.0,5,4.276923076923077,2.7,Daly City,0.9584771223118371
247,2014,Millbrae,Millbrae,MB,1942729.0,San Mateo,757204.0,5,4.276923076923077,2.7,Millbrae,1.503303924670021
248,2014,San Bruno,San Bruno,SB,1144133.0,San Mateo,757204.0,5,4.276923076923077,2.7,San Bruno,1.6820027003518876
249,2014,South San Francisco,South San Francisco,SS,984372.0,San Mateo,757204.0,5,4.276923076923077,2.7,South San Francisco,1.6820027003518876
250,2015,Oakland,12th Street / Oakland City Center,12,4005375.0,Alameda,1634538.0,22,4.776923076923077,3.2,12th Street / Oakland City Center,0.2735379116824398
251,2015,Oakland,19th Street Oakland,19,3639375.0,Alameda,1634538.0,22,4.776923076923077,3.2,19th Street Oakland,0.2735379116824398
252,2015,Berkeley,Ashby,AS,1722279.0,Alameda,1634538.0,22,4.776923076923077,3.2,Ashby,788.4336040492233
253,2015,San Leandro,Bayfair,BF,1807015.0,Alameda,1634538.0,22,4.776923076923077,3.2,Bayfair,3783.8325882097542
254,2015,Berkeley,Berkeley,BK,4263695.0,Alameda,1634538.0,22,4.776923076923077,3.2,Berkeley,0.496580756887395
255,2015,Oakland,Coliseum,CL,2353875.0,Alameda,1634538.0,22,4.776923076923077,3.2,Coliseum,2745.055693451936
256,2015,Castro Valley,Castro Valley,CV,874925.0,Alameda,1634538.0,22,4.776923076923077,3.2,Castro Valley,1.4445444579939293
257,2015,Dublin/Pleasanton,Dublin/Pleasanton,ED,2302290.0,Alameda,1634538.0,22,4.776923076923077,3.2,Dublin/Pleasanton,1.3211533380343672
258,2015,Fremont,Fremont,FM,2634164.0,Alameda,1634538.0,22,4.776923076923077,3.2,Fremont,2.608908848924649
259,2015,Oakland,Fruitvale,FV,2663563.0,Alameda,1634538.0,22,4.776923076923077,3.2,Fruitvale,166.77173329449417
260,2015,Hayward,Hayward,HY,1535383.0,Alameda,1634538.0,22,4.776923076923077,3.2,Hayward,1.4445444579939293
261,2015,Oakland,Lake Merritt,LM,2217428.0,Alameda,1634538.0,22,4.776923076923077,3.2,Lake Merritt,0.5853468523750447
262,2015,Oakland,MacArthur,MA,2812641.0,Alameda,1634538.0,22,4.776923076923077,3.2,MacArthur,3783.8325882097542
263,2015,Berkeley,North Berkeley,NB,1483351.0,Alameda,1634538.0,22,4.776923076923077,3.2,North Berkeley,0.496580756887395
264,2015,Oakland,Oakland International Airport,OA,477335.0,Alameda,1634538.0,22,4.776923076923077,3.2,Oakland International Airport,2.6903454433945226
265,2015,Oakland,West Oakland,OW,2139198.0,Alameda,1634538.0,22,4.776923076923077,3.2,West Oakland,1.0369282858141005
266,2015,Oakland,Rockridge,RR,1882296.0,Alameda,1634538.0,22,4.776923076923077,3.2,Rockridge,1.7317410291181736
267,2015,Hayward,South Hayward,SH,907611.0,Alameda,1634538.0,22,4.776923076923077,3.2,South Hayward,2.1775336242570766
268,2015,San Leandro,San Leandro,SL,1789112.0,Alameda,1634538.0,22,4.776923076923077,3.2,San Leandro,2.6903454433945226
269,2015,Union City,Union City,UC,1441721.0,Alameda,1634538.0,22,4.776923076923077,3.2,Union City,2.608908848924649
270,2015,Dublin/Pleasanton,West Dublin/Pleasanton,WD,1086047.0,Alameda,1634538.0,22,4.776923076923077,3.2,West Dublin/Pleasanton,1.3211533380343672
271,2015,Fremont,Warm Springs,WS,0.0,Alameda,1634538.0,22,4.776923076923077,3.2,Warm Springs,174.70401979927587
272,2015,San Francisco,16th Street Mission,16,4140530.0,San Francisco,863010.0,9,3.6769230769230767,3.2,16th Street Mission,0.7131119173318027
273,2015,San Francisco,24th Street Mission,24,4066765.0,San Francisco,863010.0,9,3.6769230769230767,3.2,24th Street Mission,0.7131119173318027
274,2015,San Francisco,Balboa Park,BP,3537483.0,San Francisco,863010.0,9,3.6769230769230767,3.2,Balboa Park,172.00429845474892
275,2015,San Francisco,Civic Center,CC,6872056.0,San Francisco,863010.0,9,3.6769230769230767,3.2,Civic Center,172.0747535587498
276,2015,San Francisco,Embarcadero,EM,13105717.0,San Francisco,863010.0,9,3.6769230769230767,3.2,Embarcadero,0.28470827629669465
277,2015,San Francisco,Glen Park,GP,2283341.0,San Francisco,863010.0,9,3.6769230769230767,3.2,Glen Park,184.1214379605802
278,2015,San Francisco,Montgomery Street,MT,12382302.0,San Francisco,863010.0,9,3.6769230769230767,3.2,Montgomery Street,0.28470827629669465
279,2015,San Francisco,Powell Street,PL,9714817.0,San Francisco,863010.0,9,3.6769230769230767,3.2,Powell Street,0.3554832365740666
280,2015,San Francisco,San Francisco International Airport,SO,2214165.0,San Francisco,863010.0,9,3.6769230769230767,3.2,San Francisco International Airport,1.503303924670021
281,2015,Antioch,Antioch,AN,0.0,Contra Costa,1124405.0,12,5.06923076923077,3.2,Antioch,3.720406586896818
282,2015,Concord,Concord,CN,1825238.0,Contra Costa,1124405.0,12,5.06923076923077,3.2,Concord,172.0747535587498
283,2015,El Cerrito,El Cerrito Del Norte,EN,2668632.0,Contra Costa,1124405.0,12,5.06923076923077,3.2,El Cerrito Del Norte,1.6060740346140452
284,2015,El Cerrito,El Cerrito Plaza,EP,1500844.0,Contra Costa,1124405.0,12,5.06923076923077,3.2,El Cerrito Plaza,1.5952004779635078
285,2015,Lafayette,Lafayette,LF,1129965.0,Contra Costa,1124405.0,12,5.06923076923077,3.2,Lafayette,174.70401979927587
286,2015,Concord,North Concord,NC,749508.0,Contra Costa,1124405.0,12,5.06923076923077,3.2,North Concord,184.3981473959375
287,2015,Orinda,Orinda,OR,894023.0,Contra Costa,1124405.0,12,5.06923076923077,3.2,Orinda,3.6258869169950825
288,2015,Pittsburg,Pittsburg Center,PC,0.0,Contra Costa,1124405.0,12,5.06923076923077,3.2,Pittsburg Center,2.459507620750789
289,2015,Pleasant Hill,Pleasant Hill,PH,2004214.0,Contra Costa,1124405.0,12,5.06923076923077,3.2,Pleasant Hill,2.548079202414309
290,2015,Richmond,Richmond,RM,1336596.0,Contra Costa,1124405.0,12,5.06923076923077,3.2,Richmond,184.3981473959375
291,2015,Walnut Creek,Walnut Creek,WC,2056217.0,Contra Costa,1124405.0,12,5.06923076923077,3.2,Walnut Creek,2.548079202414309
292,2015,Pittsburg,Pittsburg/Bay Point,WP,1858269.0,Contra Costa,1124405.0,12,5.06923076923077,3.2,Pittsburg/Bay Point,2.459507620750789
293,2015,San Jose,Berryessa / North San José,BE,0.0,Santa Clara,1916285.0,2,4.1923076923076925,3.2,Berryessa / North San José,3.75207703253719
294,2015,Milpitas,Milpitas,ML,0.0,Santa Clara,1916285.0,2,4.1923076923076925,3.2,Milpitas,3.75207703253719
295,2015,Colma,Colma,CM,1309439.0,San Mateo,765055.0,5,3.446153846153846,3.2,Colma,0.9584771223118371
296,2015,Daly City,Daly City,DC,2906812.0,San Mateo,765055.0,5,3.446153846153846,3.2,Daly City,0.9584771223118371
297,2015,Millbrae,Millbrae,MB,2040941.0,San Mateo,765055.0,5,3.446153846153846,3.2,Millbrae,1.503303924670021
298,2015,San Bruno,San Bruno,SB,1188484.0,San Mateo,765055.0,5,3.446153846153846,3.2,San Bruno,1.6820027003518876
299,2015,South San Francisco,South San Francisco,SS,1019520.0,San Mateo,765055.0,5,3.446153846153846,3.2,South San Francisco,1.6820027003518876
300,2016,Oakland,12th Street / Oakland City Center,12,4010670.0,Alameda,1650950.0,22,4.323076923076924,3.5,12th Street / Oakland City Center,0.2735379116824398
301,2016,Oakland,19th Street Oakland,19,3752820.0,Alameda,1650950.0,22,4.323076923076924,3.5,19th Street Oakland,0.2735379116824398
302,2016,Berkeley,Ashby,AS,1667223.0,Alameda,1650950.0,22,4.323076923076924,3.5,Ashby,788.4336040492233
303,2016,San Leandro,Bayfair,BF,1780092.0,Alameda,1650950.0,22,4.323076923076924,3.5,Bayfair,3783.8325882097542
304,2016,Berkeley,Berkeley,BK,4183087.0,Alameda,1650950.0,22,4.323076923076924,3.5,Berkeley,0.496580756887395
305,2016,Oakland,Coliseum,CL,2370795.0,Alameda,1650950.0,22,4.323076923076924,3.5,Coliseum,2745.055693451936
306,2016,Castro Valley,Castro Valley,CV,876876.0,Alameda,1650950.0,22,4.323076923076924,3.5,Castro Valley,1.4445444579939293
307,2016,Dublin/Pleasanton,Dublin/Pleasanton,ED,2381974.0,Alameda,1650950.0,22,4.323076923076924,3.5,Dublin/Pleasanton,1.3211533380343672
308,2016,Fremont,Fremont,FM,2684544.0,Alameda,1650950.0,22,4.323076923076924,3.5,Fremont,2.608908848924649
309,2016,Oakland,Fruitvale,FV,2616905.0,Alameda,1650950.0,22,4.323076923076924,3.5,Fruitvale,166.77173329449417
310,2016,Hayward,Hayward,HY,1498467.0,Alameda,1650950.0,22,4.323076923076924,3.5,Hayward,1.4445444579939293
311,2016,Oakland,Lake Merritt,LM,2176019.0,Alameda,1650950.0,22,4.323076923076924,3.5,Lake Merritt,0.5853468523750447
312,2016,Oakland,MacArthur,MA,2787639.0,Alameda,1650950.0,22,4.323076923076924,3.5,MacArthur,3783.8325882097542
313,2016,Berkeley,North Berkeley,NB,1440290.0,Alameda,1650950.0,22,4.323076923076924,3.5,North Berkeley,0.496580756887395
314,2016,Oakland,Oakland International Airport,OA,475497.0,Alameda,1650950.0,22,4.323076923076924,3.5,Oakland International Airport,2.6903454433945226
315,2016,Oakland,West Oakland,OW,2201645.0,Alameda,1650950.0,22,4.323076923076924,3.5,West Oakland,1.0369282858141005
316,2016,Oakland,Rockridge,RR,1836575.0,Alameda,1650950.0,22,4.323076923076924,3.5,Rockridge,1.7317410291181736
317,2016,Hayward,South Hayward,SH,892731.0,Alameda,1650950.0,22,4.323076923076924,3.5,South Hayward,2.1775336242570766
318,2016,San Leandro,San Leandro,SL,1853492.0,Alameda,1650950.0,22,4.323076923076924,3.5,San Leandro,2.6903454433945226
319,2016,Union City,Union City,UC,1417816.0,Alameda,1650950.0,22,4.323076923076924,3.5,Union City,2.608908848924649
320,2016,Dublin/Pleasanton,West Dublin/Pleasanton,WD,1097262.0,Alameda,1650950.0,22,4.323076923076924,3.5,West Dublin/Pleasanton,1.3211533380343672
321,2016,Fremont,Warm Springs,WS,0.0,Alameda,1650950.0,22,4.323076923076924,3.5,Warm Springs,174.70401979927587
322,2016,San Francisco,16th Street Mission,16,4038659.0,San Francisco,871512.0,9,3.3,3.5,16th Street Mission,0.7131119173318027
323,2016,San Francisco,24th Street Mission,24,4009740.0,San Francisco,871512.0,9,3.3,3.5,24th Street Mission,0.7131119173318027
324,2016,San Francisco,Balboa Park,BP,3245209.0,San Francisco,871512.0,9,3.3,3.5,Balboa Park,172.00429845474892
325,2016,San Francisco,Civic Center,CC,6969717.0,San Francisco,871512.0,9,3.3,3.5,Civic Center,172.0747535587498
326,2016,San Francisco,Embarcadero,EM,13742439.0,San Francisco,871512.0,9,3.3,3.5,Embarcadero,0.28470827629669465
327,2016,San Francisco,Glen Park,GP,2259398.0,San Francisco,871512.0,9,3.3,3.5,Glen Park,184.1214379605802
328,2016,San Francisco,Montgomery Street,MT,12789852.0,San Francisco,871512.0,9,3.3,3.5,Montgomery Street,0.28470827629669465
329,2016,San Francisco,Powell Street,PL,9470204.0,San Francisco,871512.0,9,3.3,3.5,Powell Street,0.3554832365740666
330,2016,San Francisco,San Francisco International Airport,SO,2146908.0,San Francisco,871512.0,9,3.3,3.5,San Francisco International Airport,1.503303924670021
331,2016,Antioch,Antioch,AN,0.0,Contra Costa,1137268.0,12,4.484615384615385,3.5,Antioch,3.720406586896818
332,2016,Concord,Concord,CN,1807737.0,Contra Costa,1137268.0,12,4.484615384615385,3.5,Concord,172.0747535587498
333,2016,El Cerrito,El Cerrito Del Norte,EN,2675888.0,Contra Costa,1137268.0,12,4.484615384615385,3.5,El Cerrito Del Norte,1.6060740346140452
334,2016,El Cerrito,El Cerrito Plaza,EP,1527474.0,Contra Costa,1137268.0,12,4.484615384615385,3.5,El Cerrito Plaza,1.5952004779635078
335,2016,Lafayette,Lafayette,LF,1113066.0,Contra Costa,1137268.0,12,4.484615384615385,3.5,Lafayette,174.70401979927587
336,2016,Concord,North Concord,NC,784048.0,Contra Costa,1137268.0,12,4.484615384615385,3.5,North Concord,184.3981473959375
337,2016,Orinda,Orinda,OR,908541.0,Contra Costa,1137268.0,12,4.484615384615385,3.5,Orinda,3.6258869169950825
338,2016,Pittsburg,Pittsburg Center,PC,0.0,Contra Costa,1137268.0,12,4.484615384615385,3.5,Pittsburg Center,2.459507620750789
339,2016,Pleasant Hill,Pleasant Hill,PH,2110440.0,Contra Costa,1137268.0,12,4.484615384615385,3.5,Pleasant Hill,2.548079202414309
340,2016,Richmond,Richmond,RM,1296723.0,Contra Costa,1137268.0,12,4.484615384615385,3.5,Richmond,184.3981473959375
341,2016,Walnut Creek,Walnut Creek,WC,2111294.0,Contra Costa,1137268.0,12,4.484615384615385,3.5,Walnut Creek,2.548079202414309
342,2016,Pittsburg,Pittsburg/Bay Point,WP,1851295.0,Contra Costa,1137268.0,12,4.484615384615385,3.5,Pittsburg/Bay Point,2.459507620750789
343,2016,San Jose,Berryessa / North San José,BE,0.0,Santa Clara,1928368.0,2,3.7846153846153845,3.5,Berryessa / North San José,3.75207703253719
344,2016,Milpitas,Milpitas,ML,0.0,Santa Clara,1928368.0,2,3.7846153846153845,3.5,Milpitas,3.75207703253719
345,2016,Colma,Colma,CM,1291995.0,San Mateo,767906.0,5,3.069230769230769,3.5,Colma,0.9584771223118371
346,2016,Daly City,Daly City,DC,2853826.0,San Mateo,767906.0,5,3.069230769230769,3.5,Daly City,0.9584771223118371
347,2016,Millbrae,Millbrae,MB,2009082.0,San Mateo,767906.0,5,3.069230769230769,3.5,Millbrae,1.503303924670021
348,2016,San Bruno,San Bruno,SB,1176933.0,San Mateo,767906.0,5,3.069230769230769,3.5,San Bruno,1.6820027003518876
349,2016,South San Francisco,South San Francisco,SS,1071306.0,San Mateo,767906.0,5,3.069230769230769,3.5,South San Francisco,1.6820027003518876
350,2017,Oakland,12th Street / Oakland City Center,12,3881141.0,Alameda,1660196.0,22,3.7,2.9,12th Street / Oakland City Center,0.2735379116824398
351,2017,Oakland,19th Street Oakland,19,3715442.0,Alameda,1660196.0,22,3.7,2.9,19th Street Oakland,0.2735379116824398
352,2017,Berkeley,Ashby,AS,1565970.0,Alameda,1660196.0,22,3.7,2.9,Ashby,788.4336040492233
353,2017,San Leandro,Bayfair,BF,1685946.0,Alameda,1660196.0,22,3.7,2.9,Bayfair,3783.8325882097542
354,2017,Berkeley,Berkeley,BK,3879579.0,Alameda,1660196.0,22,3.7,2.9,Berkeley,0.496580756887395
355,2017,Oakland,Coliseum,CL,2150529.0,Alameda,1660196.0,22,3.7,2.9,Coliseum,2745.055693451936
356,2017,Castro Valley,Castro Valley,CV,830686.0,Alameda,1660196.0,22,3.7,2.9,Castro Valley,1.4445444579939293
357,2017,Dublin/Pleasanton,Dublin/Pleasanton,ED,2357299.0,Alameda,1660196.0,22,3.7,2.9,Dublin/Pleasanton,1.3211533380343672
358,2017,Fremont,Fremont,FM,2145294.0,Alameda,1660196.0,22,3.7,2.9,Fremont,2.608908848924649
359,2017,Oakland,Fruitvale,FV,2452102.0,Alameda,1660196.0,22,3.7,2.9,Fruitvale,166.77173329449417
360,2017,Hayward,Hayward,HY,1408040.0,Alameda,1660196.0,22,3.7,2.9,Hayward,1.4445444579939293
361,2017,Oakland,Lake Merritt,LM,2086942.0,Alameda,1660196.0,22,3.7,2.9,Lake Merritt,0.5853468523750447
362,2017,Oakland,MacArthur,MA,2685723.0,Alameda,1660196.0,22,3.7,2.9,MacArthur,3783.8325882097542
363,2017,Berkeley,North Berkeley,NB,1364801.0,Alameda,1660196.0,22,3.7,2.9,North Berkeley,0.496580756887395
364,2017,Oakland,Oakland International Airport,OA,460960.0,Alameda,1660196.0,22,3.7,2.9,Oakland International Airport,2.6903454433945226
365,2017,Oakland,West Oakland,OW,2196793.0,Alameda,1660196.0,22,3.7,2.9,West Oakland,1.0369282858141005
366,2017,Oakland,Rockridge,RR,1752034.0,Alameda,1660196.0,22,3.7,2.9,Rockridge,1.7317410291181736
367,2017,Hayward,South Hayward,SH,842657.0,Alameda,1660196.0,22,3.7,2.9,South Hayward,2.1775336242570766
368,2017,San Leandro,San Leandro,SL,1814174.0,Alameda,1660196.0,22,3.7,2.9,San Leandro,2.6903454433945226
369,2017,Union City,Union City,UC,1362272.0,Alameda,1660196.0,22,3.7,2.9,Union City,2.608908848924649
370,2017,Dublin/Pleasanton,West Dublin/Pleasanton,WD,1060673.0,Alameda,1660196.0,22,3.7,2.9,West Dublin/Pleasanton,1.3211533380343672
371,2017,Fremont,Warm Springs,WS,646531.0,Alameda,1660196.0,22,3.7,2.9,Warm Springs,174.70401979927587
372,2017,San Francisco,16th Street Mission,16,3846577.0,San Francisco,878040.0,9,2.946153846153846,2.9,16th Street Mission,0.7131119173318027
373,2017,San Francisco,24th Street Mission,24,3728202.0,San Francisco,878040.0,9,2.946153846153846,2.9,24th Street Mission,0.7131119173318027
374,2017,San Francisco,Balboa Park,BP,2980014.0,San Francisco,878040.0,9,2.946153846153846,2.9,Balboa Park,172.00429845474892
375,2017,San Francisco,Civic Center,CC,6835716.0,San Francisco,878040.0,9,2.946153846153846,2.9,Civic Center,172.0747535587498
376,2017,San Francisco,Embarcadero,EM,13342721.0,San Francisco,878040.0,9,2.946153846153846,2.9,Embarcadero,0.28470827629669465
377,2017,San Francisco,Glen Park,GP,2143717.0,San Francisco,878040.0,9,2.946153846153846,2.9,Glen Park,184.1214379605802
378,2017,San Francisco,Montgomery Street,MT,12278501.0,San Francisco,878040.0,9,2.946153846153846,2.9,Montgomery Street,0.28470827629669465
379,2017,San Francisco,Powell Street,PL,8822103.0,San Francisco,878040.0,9,2.946153846153846,2.9,Powell Street,0.3554832365740666
380,2017,San Francisco,San Francisco International Airport,SO,2068258.0,San Francisco,878040.0,9,2.946153846153846,2.9,San Francisco International Airport,1.503303924670021
381,2017,Antioch,Antioch,AN,0.0,Contra Costa,1145535.0,12,3.876923076923077,2.9,Antioch,3.720406586896818
382,2017,Concord,Concord,CN,1725107.0,Contra Costa,1145535.0,12,3.876923076923077,2.9,Concord,172.0747535587498
383,2017,El Cerrito,El Cerrito Del Norte,EN,2532622.0,Contra Costa,1145535.0,12,3.876923076923077,2.9,El Cerrito Del Norte,1.6060740346140452
384,2017,El Cerrito,El Cerrito Plaza,EP,1467789.0,Contra Costa,1145535.0,12,3.876923076923077,2.9,El Cerrito Plaza,1.5952004779635078
385,2017,Lafayette,Lafayette,LF,1034077.0,Contra Costa,1145535.0,12,3.876923076923077,2.9,Lafayette,174.70401979927587
386,2017,Concord,North Concord,NC,731675.0,Contra Costa,1145535.0,12,3.876923076923077,2.9,North Concord,184.3981473959375
387,2017,Orinda,Orinda,OR,874873.0,Contra Costa,1145535.0,12,3.876923076923077,2.9,Orinda,3.6258869169950825
388,2017,Pittsburg,Pittsburg Center,PC,0.0,Contra Costa,1145535.0,12,3.876923076923077,2.9,Pittsburg Center,2.459507620750789
389,2017,Pleasant Hill,Pleasant Hill,PH,2082266.0,Contra Costa,1145535.0,12,3.876923076923077,2.9,Pleasant Hill,2.548079202414309
390,2017,Richmond,Richmond,RM,1230615.0,Contra Costa,1145535.0,12,3.876923076923077,2.9,Richmond,184.3981473959375
391,2017,Walnut Creek,Walnut Creek,WC,2064841.0,Contra Costa,1145535.0,12,3.876923076923077,2.9,Walnut Creek,2.548079202414309
392,2017,Pittsburg,Pittsburg/Bay Point,WP,1890651.0,Contra Costa,1145535.0,12,3.876923076923077,2.9,Pittsburg/Bay Point,2.459507620750789
393,2017,San Jose,Berryessa / North San José,BE,0.0,Santa Clara,1932510.0,2,3.230769230769231,2.9,Berryessa / North San José,3.75207703253719
394,2017,Milpitas,Milpitas,ML,0.0,Santa Clara,1932510.0,2,3.230769230769231,2.9,Milpitas,3.75207703253719
395,2017,Colma,Colma,CM,1213757.0,San Mateo,768901.0,5,2.7384615384615385,2.9,Colma,0.9584771223118371
396,2017,Daly City,Daly City,DC,2608041.0,San Mateo,768901.0,5,2.7384615384615385,2.9,Daly City,0.9584771223118371
397,2017,Millbrae,Millbrae,MB,1882529.0,San Mateo,768901.0,5,2.7384615384615385,2.9,Millbrae,1.503303924670021
398,2017,San Bruno,San Bruno,SB,1090925.0,San Mateo,768901.0,5,2.7384615384615385,2.9,San Bruno,1.6820027003518876
399,2017,South San Francisco,South San Francisco,SS,1000296.0,San Mateo,768901.0,5,2.7384615384615385,2.9,South San Francisco,1.6820027003518876
400,2018,Oakland,12th Street / Oakland City Center,12,3827215.0,Alameda,1666756.0,22,3.0615384615384613,4.5,12th Street / Oakland City Center,0.2735379116824398
401,2018,Oakland,19th Street Oakland,19,3667027.0,Alameda,1666756.0,22,3.0615384615384613,4.5,19th Street Oakland,0.2735379116824398
402,2018,Berkeley,Ashby,AS,1492022.0,Alameda,1666756.0,22,3.0615384615384613,4.5,Ashby,788.4336040492233
403,2018,San Leandro,Bayfair,BF,1610256.0,Alameda,1666756.0,22,3.0615384615384613,4.5,Bayfair,3783.8325882097542
404,2018,Berkeley,Berkeley,BK,3561621.0,Alameda,1666756.0,22,3.0615384615384613,4.5,Berkeley,0.496580756887395
405,2018,Oakland,Coliseum,CL,2128904.0,Alameda,1666756.0,22,3.0615384615384613,4.5,Coliseum,2745.055693451936
406,2018,Castro Valley,Castro Valley,CV,820747.0,Alameda,1666756.0,22,3.0615384615384613,4.5,Castro Valley,1.4445444579939293
407,2018,Dublin/Pleasanton,Dublin/Pleasanton,ED,2360228.0,Alameda,1666756.0,22,3.0615384615384613,4.5,Dublin/Pleasanton,1.3211533380343672
408,2018,Fremont,Fremont,FM,1859304.0,Alameda,1666756.0,22,3.0615384615384613,4.5,Fremont,2.608908848924649
409,2018,Oakland,Fruitvale,FV,2403206.0,Alameda,1666756.0,22,3.0615384615384613,4.5,Fruitvale,166.77173329449417
410,2018,Hayward,Hayward,HY,1342219.0,Alameda,1666756.0,22,3.0615384615384613,4.5,Hayward,1.4445444579939293
411,2018,Oakland,Lake Merritt,LM,2095523.0,Alameda,1666756.0,22,3.0615384615384613,4.5,Lake Merritt,0.5853468523750447
412,2018,Oakland,MacArthur,MA,2512469.0,Alameda,1666756.0,22,3.0615384615384613,4.5,MacArthur,3783.8325882097542
413,2018,Berkeley,North Berkeley,NB,1286411.0,Alameda,1666756.0,22,3.0615384615384613,4.5,North Berkeley,0.496580756887395
414,2018,Oakland,Oakland International Airport,OA,438543.0,Alameda,1666756.0,22,3.0615384615384613,4.5,Oakland International Airport,2.6903454433945226
415,2018,Oakland,West Oakland,OW,2187519.0,Alameda,1666756.0,22,3.0615384615384613,4.5,West Oakland,1.0369282858141005
416,2018,Oakland,Rockridge,RR,1657006.0,Alameda,1666756.0,22,3.0615384615384613,4.5,Rockridge,1.7317410291181736
417,2018,Hayward,South Hayward,SH,845461.0,Alameda,1666756.0,22,3.0615384615384613,4.5,South Hayward,2.1775336242570766
418,2018,San Leandro,San Leandro,SL,1809196.0,Alameda,1666756.0,22,3.0615384615384613,4.5,San Leandro,2.6903454433945226
419,2018,Union City,Union City,UC,1334889.0,Alameda,1666756.0,22,3.0615384615384613,4.5,Union City,2.608908848924649
420,2018,Dublin/Pleasanton,West Dublin/Pleasanton,WD,1056257.0,Alameda,1666756.0,22,3.0615384615384613,4.5,West Dublin/Pleasanton,1.3211533380343672
421,2018,Fremont,Warm Springs,WS,1012288.0,Alameda,1666756.0,22,3.0615384615384613,4.5,Warm Springs,174.70401979927587
422,2018,San Francisco,16th Street Mission,16,3714485.0,San Francisco,880696.0,9,2.4,4.5,16th Street Mission,0.7131119173318027
423,2018,San Francisco,24th Street Mission,24,3646040.0,San Francisco,880696.0,9,2.4,4.5,24th Street Mission,0.7131119173318027
424,2018,San Francisco,Balboa Park,BP,2966631.0,San Francisco,880696.0,9,2.4,4.5,Balboa Park,172.00429845474892
425,2018,San Francisco,Civic Center,CC,6586859.0,San Francisco,880696.0,9,2.4,4.5,Civic Center,172.0747535587498
426,2018,San Francisco,Embarcadero,EM,13375346.0,San Francisco,880696.0,9,2.4,4.5,Embarcadero,0.28470827629669465
427,2018,San Francisco,Glen Park,GP,2108780.0,San Francisco,880696.0,9,2.4,4.5,Glen Park,184.1214379605802
428,2018,San Francisco,Montgomery Street,MT,12338626.0,San Francisco,880696.0,9,2.4,4.5,Montgomery Street,0.28470827629669465
429,2018,San Francisco,Powell Street,PL,8371269.0,San Francisco,880696.0,9,2.4,4.5,Powell Street,0.3554832365740666
430,2018,San Francisco,San Francisco International Airport,SO,1951957.0,San Francisco,880696.0,9,2.4,4.5,San Francisco International Airport,1.503303924670021
431,2018,Antioch,Antioch,AN,493108.0,Contra Costa,1150519.0,12,3.2,4.5,Antioch,3.720406586896818
432,2018,Concord,Concord,CN,1645777.0,Contra Costa,1150519.0,12,3.2,4.5,Concord,172.0747535587498
433,2018,El Cerrito,El Cerrito Del Norte,EN,2394133.0,Contra Costa,1150519.0,12,3.2,4.5,El Cerrito Del Norte,1.6060740346140452
434,2018,El Cerrito,El Cerrito Plaza,EP,1418641.0,Contra Costa,1150519.0,12,3.2,4.5,El Cerrito Plaza,1.5952004779635078
435,2018,Lafayette,Lafayette,LF,996431.0,Contra Costa,1150519.0,12,3.2,4.5,Lafayette,174.70401979927587
436,2018,Concord,North Concord,NC,644466.0,Contra Costa,1150519.0,12,3.2,4.5,North Concord,184.3981473959375
437,2018,Orinda,Orinda,OR,860979.0,Contra Costa,1150519.0,12,3.2,4.5,Orinda,3.6258869169950825
438,2018,Pittsburg,Pittsburg Center,PC,165104.0,Contra Costa,1150519.0,12,3.2,4.5,Pittsburg Center,2.459507620750789
439,2018,Pleasant Hill,Pleasant Hill,PH,2094487.0,Contra Costa,1150519.0,12,3.2,4.5,Pleasant Hill,2.548079202414309
440,2018,Richmond,Richmond,RM,1198322.0,Contra Costa,1150519.0,12,3.2,4.5,Richmond,184.3981473959375
441,2018,Walnut Creek,Walnut Creek,WC,1958681.0,Contra Costa,1150519.0,12,3.2,4.5,Walnut Creek,2.548079202414309
442,2018,Pittsburg,Pittsburg/Bay Point,WP,1433101.0,Contra Costa,1150519.0,12,3.2,4.5,Pittsburg/Bay Point,2.459507620750789
443,2018,San Jose,Berryessa / North San José,BE,0.0,Santa Clara,1932337.0,2,2.6384615384615384,4.5,Berryessa / North San José,3.75207703253719
444,2018,Milpitas,Milpitas,ML,0.0,Santa Clara,1932337.0,2,2.6384615384615384,4.5,Milpitas,3.75207703253719
445,2018,Colma,Colma,CM,1187441.0,San Mateo,768681.0,5,2.246153846153846,4.5,Colma,0.9584771223118371
446,2018,Daly City,Daly City,DC,2715913.0,San Mateo,768681.0,5,2.246153846153846,4.5,Daly City,0.9584771223118371
447,2018,Millbrae,Millbrae,MB,1785308.0,San Mateo,768681.0,5,2.246153846153846,4.5,Millbrae,1.503303924670021
448,2018,San Bruno,San Bruno,SB,1062017.0,San Mateo,768681.0,5,2.246153846153846,4.5,San Bruno,1.6820027003518876
449,2018,South San Francisco,South San Francisco,SS,961062.0,San Mateo,768681.0,5,2.246153846153846,4.5,South San Francisco,1.6820027003518876
450,2019,Oakland,12th Street / Oakland City Center,12,3876029.0,Alameda,1671329.0,22,2.976923076923077,2.5,12th Street / Oakland City Center,0.2735379116824398
451,2019,Oakland,19th Street Oakland,19,3673865.0,Alameda,1671329.0,22,2.976923076923077,2.5,19th Street Oakland,0.2735379116824398
452,2019,Berkeley,Ashby,AS,1433297.0,Alameda,1671329.0,22,2.976923076923077,2.5,Ashby,788.4336040492233
453,2019,San Leandro,Bayfair,BF,1540251.0,Alameda,1671329.0,22,2.976923076923077,2.5,Bayfair,3783.8325882097542
454,2019,Berkeley,Berkeley,BK,3432223.0,Alameda,1671329.0,22,2.976923076923077,2.5,Berkeley,0.496580756887395
455,2019,Oakland,Coliseum,CL,1926350.0,Alameda,1671329.0,22,2.976923076923077,2.5,Coliseum,2745.055693451936
456,2019,Castro Valley,Castro Valley,CV,798389.0,Alameda,1671329.0,22,2.976923076923077,2.5,Castro Valley,1.4445444579939293
457,2019,Dublin/Pleasanton,Dublin/Pleasanton,ED,2323169.0,Alameda,1671329.0,22,2.976923076923077,2.5,Dublin/Pleasanton,1.3211533380343672
458,2019,Fremont,Fremont,FM,1623878.0,Alameda,1671329.0,22,2.976923076923077,2.5,Fremont,2.608908848924649
459,2019,Oakland,Fruitvale,FV,2294535.0,Alameda,1671329.0,22,2.976923076923077,2.5,Fruitvale,166.77173329449417
460,2019,Hayward,Hayward,HY,1311179.0,Alameda,1671329.0,22,2.976923076923077,2.5,Hayward,1.4445444579939293
461,2019,Oakland,Lake Merritt,LM,2011639.0,Alameda,1671329.0,22,2.976923076923077,2.5,Lake Merritt,0.5853468523750447
462,2019,Oakland,MacArthur,MA,2523919.0,Alameda,1671329.0,22,2.976923076923077,2.5,MacArthur,3783.8325882097542
463,2019,Berkeley,North Berkeley,NB,1240495.0,Alameda,1671329.0,22,2.976923076923077,2.5,North Berkeley,0.496580756887395
464,2019,Oakland,Oakland International Airport,OA,398214.0,Alameda,1671329.0,22,2.976923076923077,2.5,Oakland International Airport,2.6903454433945226
465,2019,Oakland,West Oakland,OW,2149300.0,Alameda,1671329.0,22,2.976923076923077,2.5,West Oakland,1.0369282858141005
466,2019,Oakland,Rockridge,RR,1621172.0,Alameda,1671329.0,22,2.976923076923077,2.5,Rockridge,1.7317410291181736
467,2019,Hayward,South Hayward,SH,829373.0,Alameda,1671329.0,22,2.976923076923077,2.5,South Hayward,2.1775336242570766
468,2019,San Leandro,San Leandro,SL,1774673.0,Alameda,1671329.0,22,2.976923076923077,2.5,San Leandro,2.6903454433945226
469,2019,Union City,Union City,UC,1306889.0,Alameda,1671329.0,22,2.976923076923077,2.5,Union City,2.608908848924649
470,2019,Dublin/Pleasanton,West Dublin/Pleasanton,WD,1014185.0,Alameda,1671329.0,22,2.976923076923077,2.5,West Dublin/Pleasanton,1.3211533380343672
471,2019,Fremont,Warm Springs,WS,1234898.0,Alameda,1671329.0,22,2.976923076923077,2.5,Warm Springs,174.70401979927587
472,2019,San Francisco,16th Street Mission,16,3825818.0,San Francisco,881549.0,9,2.207692307692308,2.5,16th Street Mission,0.7131119173318027
473,2019,San Francisco,24th Street Mission,24,3588288.0,San Francisco,881549.0,9,2.207692307692308,2.5,24th Street Mission,0.7131119173318027
474,2019,San Francisco,Balboa Park,BP,2868862.0,San Francisco,881549.0,9,2.207692307692308,2.5,Balboa Park,172.00429845474892
475,2019,San Francisco,Civic Center,CC,6599521.0,San Francisco,881549.0,9,2.207692307692308,2.5,Civic Center,172.0747535587498
476,2019,San Francisco,Embarcadero,EM,13394563.0,San Francisco,881549.0,9,2.207692307692308,2.5,Embarcadero,0.28470827629669465
477,2019,San Francisco,Glen Park,GP,2060603.0,San Francisco,881549.0,9,2.207692307692308,2.5,Glen Park,184.1214379605802
478,2019,San Francisco,Montgomery Street,MT,12265311.0,San Francisco,881549.0,9,2.207692307692308,2.5,Montgomery Street,0.28470827629669465
479,2019,San Francisco,Powell Street,PL,8050643.0,San Francisco,881549.0,9,2.207692307692308,2.5,Powell Street,0.3554832365740666
480,2019,San Francisco,San Francisco International Airport,SO,1886817.0,San Francisco,881549.0,9,2.207692307692308,2.5,San Francisco International Airport,1.503303924670021
481,2019,Antioch,Antioch,AN,827471.0,Contra Costa,1153526.0,12,3.1076923076923078,2.5,Antioch,3.720406586896818
482,2019,Concord,Concord,CN,1569535.0,Contra Costa,1153526.0,12,3.1076923076923078,2.5,Concord,172.0747535587498
483,2019,El Cerrito,El Cerrito Del Norte,EN,2264155.0,Contra Costa,1153526.0,12,3.1076923076923078,2.5,El Cerrito Del Norte,1.6060740346140452
484,2019,El Cerrito,El Cerrito Plaza,EP,1394462.0,Contra Costa,1153526.0,12,3.1076923076923078,2.5,El Cerrito Plaza,1.5952004779635078
485,2019,Lafayette,Lafayette,LF,988941.0,Contra Costa,1153526.0,12,3.1076923076923078,2.5,Lafayette,174.70401979927587
486,2019,Concord,North Concord,NC,537947.0,Contra Costa,1153526.0,12,3.1076923076923078,2.5,North Concord,184.3981473959375
487,2019,Orinda,Orinda,OR,860696.0,Contra Costa,1153526.0,12,3.1076923076923078,2.5,Orinda,3.6258869169950825
488,2019,Pittsburg,Pittsburg Center,PC,319904.0,Contra Costa,1153526.0,12,3.1076923076923078,2.5,Pittsburg Center,2.459507620750789
489,2019,Pleasant Hill,Pleasant Hill,PH,2051681.0,Contra Costa,1153526.0,12,3.1076923076923078,2.5,Pleasant Hill,2.548079202414309
490,2019,Richmond,Richmond,RM,1255080.0,Contra Costa,1153526.0,12,3.1076923076923078,2.5,Richmond,184.3981473959375
491,2019,Walnut Creek,Walnut Creek,WC,1854563.0,Contra Costa,1153526.0,12,3.1076923076923078,2.5,Walnut Creek,2.548079202414309
492,2019,Pittsburg,Pittsburg/Bay Point,WP,1089440.0,Contra Costa,1153526.0,12,3.1076923076923078,2.5,Pittsburg/Bay Point,2.459507620750789
493,2019,San Jose,Berryessa / North San José,BE,0.0,Santa Clara,1927852.0,2,2.5076923076923077,2.5,Berryessa / North San José,3.75207703253719
494,2019,Milpitas,Milpitas,ML,0.0,Santa Clara,1927852.0,2,2.5076923076923077,2.5,Milpitas,3.75207703253719
495,2019,Colma,Colma,CM,1183754.0,San Mateo,766573.0,5,2.0692307692307694,2.5,Colma,0.9584771223118371
496,2019,Daly City,Daly City,DC,2712010.0,San Mateo,766573.0,5,2.0692307692307694,2.5,Daly City,0.9584771223118371
497,2019,Millbrae,Millbrae,MB,1710459.0,San Mateo,766573.0,5,2.0692307692307694,2.5,Millbrae,1.503303924670021
498,2019,San Bruno,San Bruno,SB,1041499.0,San Mateo,766573.0,5,2.0692307692307694,2.5,San Bruno,1.6820027003518876
499,2019,South San Francisco,South San Francisco,SS,941881.0,San Mateo,766573.0,5,2.0692307692307694,2.5,South San Francisco,1.6820027003518876
